Buffer UF	UB	UR	UL	LU	LF	LD	LB	FR	FD	FL	RU	RB	RD	RF	BU	BL	BD	BR	DF	DR	DB	DL
UB		[R2 U': [S', U2]]	[U' M2 U': [M, U2]]	[U' M U: [M', U2]]	[U: [R' E R, U2]]	[U': [L' E' L, U2]]	[U: [R E' R', U2]]	[R' U: [S, R2]]	[R' F': [E, R U R']]	[L U': [S', L2]]	[U M U': [M', U2]]	[U': [L' E L, U2]]	[U: [R E R', U2]]	[U': [L E' L', U2]]		[L' U': [S', L2]]	[U M' U': [M', U2]]	[R U: [S, R2]]	[M', U2]	[U: [S, R2]]	[U2, M]	[U': [S', L2]]
UR	[R2 U': [S, R2]]		[M2 U': [M, U2]]	[L F' L', S']	[R' E R, U']	[U2: [L' E' L, U']]	[R E' R', U']	[E': [R' E R, U']]	[R U' R' U, M']	[R E2 R', U']		[U2: [L' E L, U']]	[R' E' R, U']	[U2: [L E' L', U']]	[R' U' R U, M]	[R' E2 R, U']	(M U' M' U')2	[E: [R E' R', U']]	[U, M U2 M]	[R U R': [S, R2]]	[R U' R' U, M2]	L U L' U' L' U' L' U L U
UL	[U' M2 U: [M, U2]]	[M2 U: [M, U2]]			[U2: [R' E R, U]]	[L' E' L, U]	[U2: [R E' R', U]]	[L' E2 L, U]	[L' U L U', M']	[E: [L E' L', U]]	[R' F R, S]	[L' E L, U]	[U2: [R E R', U]]	[L E' L', U]	[L U L' U', M]	[E': [L' E L, U]]	(M U M' U)2	[L E2 L', U]	[U', M U2 M]	R' U' R U R U R U' R' U'	[L' U L U', M2]	[L U' L': [S', L2]]
LU	[U' M U': [M', U2]]	[S', L F' L']			[S: [R' E R, U']]	[F L: [E', L2]]	[S: [R E' R', U']]	[S' U L: [E', L2]]	[Lw': [U' L U, M']]	[Rw' F': [Rw S Rw', F']]	[M U': [M', U2]]	[Rw' U': [M', U2]]	[R' F R': [S, R2]]	[R M U': [M', U2]]	[Lw': [U' L U, M]]	[U' Lw U': [M', U2]]	M' (M' U' M U')2 M	[S' U L': [E, L2]]	[D': [S, L F' L']]	[Rw: [L E' L', U']]	[D: [S, L F' L']]	[S, L F' L']
LF	[U': [R' E R, U2]]	[U', R' E R]	[U': [R' E R, U']]	[S: [U', R' E R]]		[U S' U', L]	[Rw U L': [S', L2]]	[R U' R', E]	[M': [U' L' U, M']]		[M L' U': [M', U2]]	[Rw U R: [E, R2]]	[M' U R: [E, R2]]	[U E R: [S, R2]]	[M', U' L' U]	[L U L', E']	[U' Rw': [E, R U R']]	[R': [U', R' E R]]	[L2 F': [E', L2]]	[U' E' R': [E', R2]]	[M': [U' L' U, M2]]	[U E L': [E', L2]]
LD	[U: [L' E' L, U2]]	[U: [L' E' L, U]]	[U, L' E' L]	[F L': [E', L2]]	[L, U S' U']		[L', U S' U']	[L' E': [E', L U L']]	[U: [R' D' R, S']]	[S' U' R': [E, R2]]	[L F' L': [S', L2]]	[L F': [L2, E]]	[R' F R: [S', R2]]	[M' U' L: [E', L2]]	[U' D: [R' F' R, S]]	[S' U' R: [E', R2]]	[U: [R' D R, S']]	[R S: [S, R' U R]]	[L F': [E', L2]]	[S, L' F' L]	[U: [L B' L', S']]	
LB	[U': [R E' R', U2]]	[U', R E' R']	[U': [R E' R', U']]	[S: [U', R E' R']]	[Rw U L: [S', L2]]	[U S' U', L']		[R: [U', R E' R']]	[M': [U' L U, M']]	[L' U L, E]	[Lw U': [M', U2]]	[Uw R': [S, R2]]	[R' F: [E', R2]]	[Lw' U' L: [E', L2]]	[M', U' L U]		[U' M: [R E' R', U]]	[R' U' R, E']	[F': [E', L2]]	[Uw' R: [E, R2]]	[M': [U' L U, M2]]	[Uw L: [E, L2]]
FR	[R' U': [S, R2]]	[E': [U', R' E R]]	[U, L' E2 L]	[S' U L': [E', L2]]	[E, R U' R']	[L' E': [L U L', E']]	[R2: [E', R' U' R]]		[U' R U, M']	[R' U' R': [E, R2]]	[R U2: [R' S' R, U']]	[E', R U' R']	[R' Fw R: [S', R2]]		[U' R U, M]	[R' U' R: [E', R2]]	[U': [R, U' M U]]	[U R: [S, R2]]	[U R U': [M', U2]]	[U D2 L': [E', L2]]	[U' R U, M2]	[U L': [E', L2]]
FD	[R' F': [R U R', E]]	[Rw: [U' R' U, M]]	[Lw': [U L U', M]]	[Lw': [M', U' L U]]	[M': [M', U' L' U]]	[U: [S', R D' R']]	[M': [M', U' L U]]	[M', U' R U]		[M', U L' U']	[Rw: [M', U R' U']]	[M': [M', U R' U']]	[U': [R' F' R, S']]	[M': [M', U R U']]	[U': [R' F' R, S]]	[M', U L U']	U' M U' M' U2 M' U M U'	[M', U' R' U]		[U R' F' R: [S, R2]]	[D: [S', R F R']]	[U' L F L': [S', L2]]
FL	[L U: [S', L2]]	[U', R E2 R']	[E: [U, L E' L']]	[Rw' F2: [Rw S Rw', F]]		[S' U' R: [E, R2]]	[E, L' U L]	[R' U' R: [E, R2]]	[U L' U', M']		[S U' R: [E, R2]]	[L2: [E, L U L']]	[R E: [R' U' R, E]]	[E', L' U L]	[U L' U', M]	[U' L': [S', L2]]	[U: [L', U M U']]	[R U' R: [E, R2]]	[U' L' U: [M', U2]]	[U' R: [E, R2]]	[U L' U', M2]	[U' D2 R: [E, R2]]
RU	[U M U: [M', U2]]		[S, R' F R]	[M U: [M', U2]]	[L' M U: [M', U2]]	[L F' L: [S', L2]]	[Lw U: [M', U2]]	[R U: [R' S' R, U]]	[Rw: [U R' U', M']]	[S U' R': [E, R2]]		[S': [L' E L, U]]	[F' R': [E, R2]]	[S': [L E' L', U]]	[Rw: [U R' U', M]]	[S U' R: [E', R2]]	M' (M' U M U)2 M	[R Uw' R': [E', R2]]	[R F: [E, R2]]	[S', R' F R]	[D': [S', R' F R]]	[R2: [S', R F R']]
RB	[U: [L' E L, U2]]	[U: [L' E L, U]]	[U, L' E L]	[Rw' U: [M', U2]]	[Rw U R': [E, R2]]	[L F': [E, L2]]	[Uw R: [S, R2]]	[R U' R', E']	[M': [U R' U', M']]	[L': [U, L' E L]]	[S': [U, L' E L]]		[U' S U, R]	[M' U' R': [S, R2]]	[M', U R' U']	[L U L', E]	[U Rw': [S', R U' R']]		[F: [E, R2]]	[Uw' R': [E', R2]]	[M': [U R' U', M2]]	[Uw L': [E', L2]]
RD	[U': [R E R', U2]]	[U', R E R']	[U': [R E R', U']]	[R' F R: [S, R2]]	[M' U R': [E, R2]]	[R' F R': [S', R2]]	[R' F: [R2, E']]	[R' Fw R': [S', R2]]	[U': [S', R' F' R]]	[R E: [E, R' U' R]]	[F' R: [E, R2]]	[R, U' S U]		[R', U' S U]	[U' D': [R' F' R, S]]	[R' E': [E', R U' R']]	[U': [S', R B R']]	[S U L': [E, L2]]	[R' F: [E, R2]]		[U': [R' B R, S]]	[S', R F R']
RF	[U: [L E' L', U2]]	[U: [L E' L', U]]	[U, L E' L']	[R M U: [M', U2]]	[U E R': [S, R2]]	[M' U' L': [E', L2]]	[Lw' U' L': [E', L2]]		[M': [U R U', M']]	[L' U L, E']	[S': [U, L E' L']]	[M' U' R: [S, R2]]	[U' S U, R']		[M', U R U']	[L: [U, L E' L']]	[U Lw: [E', L' U' L]]	[R' U' R, E]	[R2 F: [E, R2]]	[U' E' R: [E, R2]]	[M': [U R U', M2]]	[U E L: [E, L2]]
BU		[Rw': [U' R U, M']]	[Lw: [U L' U', M']]	[L' U' L U, M']	[U' L' U, M']	[U' D: [S, R' F' R]]	[U' L U, M']	[M, U' R U]	[U': [S, R' F' R]]	[M, U L' U']	[R U R' U', M']	[U R' U', M']	[U' D': [S, R' F' R]]	[U R U', M']		[M, U L U']	[U': [S, R B R']]	[M, U' R' U]	[U: [R' F' R, S]]	[U D': [R' F' R, S]]	[U: [R B R', S]]	[U D: [R' F' R, S]]
BL	[L' U: [S', L2]]	[U', R' E2 R]	[Uw: [L' E L, U']]	[U' Lw U: [M', U2]]	[E', L U L']	[S' U' R': [E', R2]]		[R' U' R': [E', R2]]	[U L U', M']	[U' L: [S', L2]]	[S U' R': [E', R2]]	[E, L U L']	[R' E': [R U' R', E']]	[L2: [E', L' U L]]	[U L U', M]		[U: [L, U M U']]	[R U' R': [E', R2]]	[U' L U: [M', U2]]	[U' R': [E', R2]]	[U L U', M2]	[U' D2 R': [E', R2]]
BD	[U' M' U': [M', U2]]	(U M U M')2	(U' M U' M')2	M' (U M' U M)2 M	[U' M: [U, R' E R]]	[U: [S', R D R']]	[U' M: [U, R E' R']]	[U2: [M, U R U']]	U' M' U M U2 M U' M' U'	[U2: [M, U' L' U]]	M' (U' M' U' M)2 M	[U M: [U', R' S' R]]	[U': [R B R', S']]	[U M: [U', L E' L']]	[U': [R B R', S]]	[U2: [M, U' L U]]		[U2: [M, U R' U']]	[D': [S', R F R']]	[D' R' F: [E, R2]]		[D L F': [E', L2]]
BR	[R U': [S, R2]]	[Uw': [R E' R', U]]	[U, L E2 L']	[S' U L: [E, L2]]	[R2: [E, R U' R']]	[R S: [R' U R, S]]	[E', R' U' R]	[U R': [S, R2]]	[U' R' U, M']	[R U' R': [E, R2]]	[R Uw' R: [E', R2]]		[S U L: [E, L2]]	[E, R' U' R]	[U' R' U, M]	[R U' R: [E', R2]]	[U': [R', U' M U]]		[U R' U': [M', U2]]	[U D2 L: [E, L2]]	[U' R' U, M2]	[U L: [E, L2]]
DF	[U2, M']	[M U2 M, U]	[M U2 M, U']	[L' F: [E', L2]]	[L2 F: [E', L2]]	[L F: [E', L2]]	[F: [E', L2]]	[U R U: [M', U2]]		[U' L' U': [M', U2]]	[R F': [E, R2]]	[F': [E, R2]]	[R' F': [E, R2]]	[R2 F': [E, R2]]	[U: [S, R' F' R]]	[U' L U': [M', U2]]	[D': [R F R', S']]	[U R' U: [M', U2]]		[R' F': [R S' R', F2]]	M Uw2 M Uw2	[L F: [L' S L, F2]]
DR	[U': [S, R2]]	[R U R: [S, R2]]	U R U R' U' R' U' R' U R	[Rw: [U', L E' L']]	[U' E' R: [E', R2]]	[L' F' L, S]	[Uw' R': [E, R2]]	[U D2 L: [E', L2]]	[U R' F' R': [S, R2]]	[U' R': [E, R2]]	[R' F R, S']	[Uw' R: [E', R2]]		[U' E' R': [E, R2]]	[U D': [S, R' F' R]]	[U' R: [E', R2]]	[D' R' F': [E, R2]]	[U D2 L': [E, L2]]	[R' F: [R S' R', F2]]		[D' R' F': [R S' R', F2]]	[U': [R2, S']]
DB	[M, U2]	[R U R' U': [M, U2]]	[L' U' L U: [M, U2]]	[D: [L F' L', S]]	[M: [U' L' U, M2]]	[U: [S', Rw D' Rw']]	[M: [U' L U, M2]]	[M2, U' R U]	[D: [R F R', S']]	[M2, U L' U']	[D': [R' F R, S']]	[M: [U R' U', M2]]	[U': [S, R' B R]]	[M: [U R U', M2]]	[U: [S, R B R']]	[M2, U L U']		[M2, U' R' U]	Uw2 M' Uw2 M'	[D' R' F: [R S' R', F2]]		[D L F': [L' S L, F2]]
DL	[U: [S', L2]]	U' L' U' L U L U L U' L'	[L' U' L': [S', L2]]	[L F' L', S]	[U E L: [E', L2]]		[Uw L': [E, L2]]	[U L: [E', L2]]	[U' L F L: [S', L2]]	[U' D2 R': [E, R2]]	[R': [F, R' S' R]]	[Uw L: [E', L2]]	[R F R', S']	[U E L': [E, L2]]	[U D: [S, R' F' R]]	[U' D2 R: [E', R2]]	[D L F: [E', L2]]	[U L': [E, L2]]	[L F': [L' S L, F2]]	[U': [S', R2]]	[D L F: [L' S L, F2]]	